"tconst","parentTconst","seasonNumber","episodeNumber","averageRating","numVotes","episode_title","episode_startYear","episode_endYear","episode_runtimeMinutes","episode_genres","series_title"
"tt0729659","tt1628033",1,1,7.2,254,"The Legacy Begins","2002",NA,45,"Adventure,Comedy,Reality-TV","Top Gear"
"tt0729660","tt1628033",1,2,7.2,209,"Bus Jumps Over Motorbikes","2002",NA,45,"Adventure,Comedy,Reality-TV","Top Gear"
"tt0729661","tt1628033",1,3,7.3,190,"Grannies Doing Doughnuts","2002",NA,NA,"Adventure,Comedy,Reality-TV","Top Gear"
"tt0729662","tt1628033",1,4,7.2,182,"Clarkson Drives the Aston Martin Vanquish","2002",NA,NA,"Adventure,Comedy,Reality-TV","Top Gear"
"tt0729663","tt1628033",1,5,7.3,177,"Budget Bond Car","2002",NA,NA,"Adventure,Comedy,Reality-TV","Top Gear"
"tt0729664","tt1628033",1,6,7.3,178,"Grannies Attempt Hand Brake Parking","2002",NA,NA,"Adventure,Comedy,Reality-TV","Top Gear"
"tt0729665","tt1628033",1,7,7.3,172,"Britain's Fastest Faith Race","2002",NA,65,"Adventure,Comedy,Reality-TV","Top Gear"
"tt0729666","tt1628033",1,8,7.3,182,"Britain's Fastest White-Van Driver","2002",NA,NA,"Adventure,Comedy,Reality-TV","Top Gear"
"tt0729667","tt1628033",1,9,7.4,175,"Can The Stig Be Beat?","2002",NA,NA,"Adventure,Comedy,Reality-TV","Top Gear"
"tt0729668","tt1628033",1,10,7.3,178,"Britain's Fastest Faith Race 2","2002",NA,NA,"Adventure,Comedy,Reality-TV","Top Gear"
"tt0729669","tt1628033",2,1,7.8,216,"Nissan Sunny vs. Jet Engine","2003",NA,49,"Adventure,Comedy,Reality-TV","Top Gear"
"tt0729670","tt1628033",2,2,7.6,192,"Election Rally Car Showdown","2003",NA,54,"Adventure,Comedy,Reality-TV","Top Gear"
"tt0729671","tt1628033",2,3,7.6,187,"Which Country Has the Fastest Supercar?","2003",NA,51,"Adventure,Comedy,Reality-TV","Top Gear"
"tt0729672","tt1628033",2,4,7.6,179,"Lots of Jaguars and Boris Johnson","2003",NA,51,"Adventure,Comedy,Reality-TV","Top Gear"
"tt0729673","tt1628033",2,5,7.7,178,"Clarkson and the Porsche 911","2003",NA,53,"Adventure,Comedy,Reality-TV","Top Gear"
"tt0729674","tt1628033",2,6,7.9,172,"Mitsubishi Evo VIII vs. Subaru Impreza STI","2003",NA,53,"Adventure,Comedy,Reality-TV","Top Gear"
"tt0729675","tt1628033",2,7,8,179,"Crash Testing a Renault Megane","2003",NA,54,"Adventure,Comedy,Reality-TV","Top Gear"
"tt0729676","tt1628033",2,8,7.8,172,"Topless Showdown","2003",NA,46,"Adventure,Comedy,Reality-TV","Top Gear"
"tt0729677","tt1628033",2,9,7.9,175,"Clarkson Backseat Drives a Vauxhall","2003",NA,53,"Adventure,Comedy,Reality-TV","Top Gear"
"tt0729678","tt1628033",2,10,7.9,170,"Land Rover Reliability Challenge","2003",NA,56,"Adventure,Comedy,Reality-TV","Top Gear"
"tt0729679","tt1628033",3,1,7.9,177,"Celebrating 40 Years of the Porsche 911","2003",NA,58,"Adventure,Comedy,Reality-TV","Top Gear"
"tt0729680","tt1628033",3,2,8,176,"Can a Volvo Estate Jump Four Caravans?","2003",NA,59,"Adventure,Comedy,Reality-TV","Top Gear"
"tt0729681","tt1628033",3,3,7.9,173,"How to Escape a Sinking Car","2003",NA,60,"Adventure,Comedy,Reality-TV","Top Gear"
"tt0729682","tt1628033",3,4,8,172,"Lamborghini 40th Anniversary Celebration","2003",NA,59,"Adventure,Comedy,Reality-TV","Top Gear"
"tt0729683","tt1628033",3,5,8.1,193,"Is the Toyota Hilux Really Indestructible?","2003",NA,59,"Adventure,Comedy,Reality-TV","Top Gear"
"tt0729684","tt1628033",3,6,7.9,173,"Is the Toyota Hilux Really indestructible? Part 2","2003",NA,61,"Adventure,Comedy,Reality-TV","Top Gear"
"tt0729685","tt1628033",3,7,7.8,167,"The Best British Car of All Time","2003",NA,59,"Adventure,Comedy,Reality-TV","Top Gear"
"tt0729686","tt1628033",3,8,7.8,162,"Generation Battle - Mercedes SL vs. Mercedes SL","2003",NA,60,"Adventure,Comedy,Reality-TV","Top Gear"
"tt0729687","tt1628033",3,9,7.8,166,"Clarkson vs. the Chrysler Crossfire","2003",NA,61,"Adventure,Comedy,Reality-TV","Top Gear"
"tt0729688","tt1628033",4,1,8.3,195,"Race to Monte Carlo - Aston Martin DB9 vs. Public Transport","2004",NA,54,"Adventure,Comedy,Reality-TV","Top Gear"
"tt0729689","tt1628033",4,2,7.9,167,"Hammond Tests the Cadillac Escalade and Puts a Nun in a Monster Truck","2004",NA,52,"Adventure,Comedy,Reality-TV","Top Gear"
"tt0729690","tt1628033",4,3,8.2,174,"£100 Car Challenge","2004",NA,51,"Adventure,Comedy,Reality-TV","Top Gear"
"tt0729691","tt1628033",4,4,8.2,168,"Bullseye! The Boys Play Car Darts","2004",NA,52,"Adventure,Comedy,Reality-TV","Top Gear"
"tt0729692","tt1628033",4,5,7.9,157,"Sport Coupes Shootout - 911 vs. 6 Series vs. XKR","2004",NA,50,"Adventure,Comedy,Reality-TV","Top Gear"
"tt0729693","tt1628033",4,6,7.8,159,"Can You Run a Car on Poo?","2004",NA,53,"Adventure,Comedy,Reality-TV","Top Gear"
"tt0729694","tt1628033",4,7,7.9,160,"Hammond and May Try Mini-Cabbing","2004",NA,51,"Adventure,Comedy,Reality-TV","Top Gear"
"tt0729695","tt1628033",4,8,7.9,159,"Clarkson Drives His Dream Car - the Ford GT","2004",NA,51,"Adventure,Comedy,Reality-TV","Top Gear"
"tt0729696","tt1628033",4,9,7.8,158,"Can You Parachute Into a Moving Car?","2004",NA,51,"Adventure,Comedy,Reality-TV","Top Gear"
"tt0729697","tt1628033",4,10,7.8,154,"Clarkson Gets Wet in the X3","2004",NA,52,"Adventure,Comedy,Reality-TV","Top Gear"
"tt0729698","tt1628033",5,1,7.9,158,"Beach Battle - Jaguar vs. Chrysler vs. Vauxhall","2004",NA,53,"Adventure,Comedy,Reality-TV","Top Gear"
"tt0729699","tt1628033",5,2,8,168,"Mountainboarder vs. Rally Car","2004",NA,54,"Adventure,Comedy,Reality-TV","Top Gear"
"tt0729700","tt1628033",5,3,8,161,"Clarkson Climbs a Scottish Mountain","2004",NA,55,"Adventure,Comedy,Reality-TV","Top Gear"
"tt0729701","tt1628033",5,4,8,164,"24 Hours in a Smart Car","2004",NA,53,"Adventure,Comedy,Reality-TV","Top Gear"
"tt0729702","tt1628033",5,5,8,158,"Hammond Invents People Carrier Racing","2004",NA,53,"Adventure,Comedy,Reality-TV","Top Gear"
"tt0729703","tt1628033",5,6,8.2,165,"Can You Buy a Decent Porsche for £1,500?","2004",NA,53,"Adventure,Comedy,Reality-TV","Top Gear"
"tt0729704","tt1628033",5,7,8,164,"Evo vs. Lamborghini","2004",NA,54,"Adventure,Comedy,Reality-TV","Top Gear"
"tt0729705","tt1628033",5,8,8.4,187,"Ferrari 612 Scaglietti vs. Jet Plane","2004",NA,51,"Adventure,Comedy,Reality-TV","Top Gear"
"tt0729706","tt1628033",5,9,8,159,"Clarkson Gets a Facelift in an Ariel Atom","2004",NA,42,"Adventure,Comedy,Reality-TV","Top Gear"
"tt0729707","tt1628033",6,1,8,165,"Car Soccer in Toyota Aygos","2005",NA,60,"Adventure,Comedy,Reality-TV","Top Gear"
"tt0729708","tt1628033",6,2,8.1,168,"£1,500 Two-Door Coupe Challenge","2005",NA,60,"Adventure,Comedy,Reality-TV","Top Gear"
"tt0729709","tt1628033",6,3,8,171,"Clarkson Opens a Public Pool With a Rolls-Royce","2005",NA,59,"Adventure,Comedy,Reality-TV","Top Gear"
"tt0729710","tt1628033",6,4,8,166,"The Boys' Mother's Review Cars","2005",NA,59,"Adventure,Comedy,Reality-TV","Top Gear"
"tt0729711","tt1628033",6,5,7.9,154,"Clarkson Compares the Boxster S and SLK 55 Under Sniper Fire","2005",NA,60,"Adventure,Comedy,Reality-TV","Top Gear"
"tt0729712","tt1628033",6,6,8.2,179,"Mercedes McLaren SLR vs. Boat","2005",NA,59,"Adventure,Comedy,Reality-TV","Top Gear"
"tt0729713","tt1628033",6,7,8.1,156,"Fiat Panda vs. Marathon Runner","2005",NA,59,"Adventure,Comedy,Reality-TV","Top Gear"
"tt0729714","tt1628033",6,8,8,159,"Testing Convertibles in Iceland","2005",NA,59,"Adventure,Comedy,Reality-TV","Top Gear"
"tt0729715","tt1628033",6,9,7.9,154,"Hammond and May Play Road Test Russian Roulette","2005",NA,59,"Adventure,Comedy,Reality-TV","Top Gear"
"tt0729716","tt1628033",6,10,8,157,"Can a Jeep Drive Across a Lake?","2005",NA,60,"Adventure,Comedy,Reality-TV","Top Gear"
"tt0729717","tt1628033",6,11,7.9,159,"Hammond Runs With the Bulls","2005",NA,60,"Adventure,Comedy,Reality-TV","Top Gear"
"tt0729718","tt1628033",7,1,8,166,"Isle of Man Shootout - V8 Vantage vs. M6 vs. Carrera S","2005",NA,60,"Adventure,Comedy,Reality-TV","Top Gear"
"tt0729719","tt1628033",7,2,7.9,164,"Hammond and May Race Life-Sized RC Cars","2005",NA,58,"Adventure,Comedy,Reality-TV","Top Gear"
"tt0729720","tt1628033",7,4,8.3,173,"Mid-Engine Italian Supercars for Under £10,000","2005",NA,58,"Adventure,Comedy,Reality-TV","Top Gear"
"tt0729721","tt1628033",7,5,8.3,173,"Bugatti Veyron vs. Cessna 182 Airplane","2005",NA,60,"Adventure,Comedy,Reality-TV","Top Gear"
"tt0729722","tt1628033",7,6,7.9,159,"Mazda MX-5 vs. Greyhound","2005",NA,59,"Adventure,Comedy,Reality-TV","Top Gear"
"tt0762541","tt1628033",7,3,8.3,183,"Supercar Road Trip - Ford GT vs. Ferrari F430 vs. Pagani Zonda","2005",NA,59,"Adventure,Comedy,Reality-TV","Top Gear"
"tt0762542","tt1628033",7,7,8.5,303,"Winter Olympics","2006",NA,60,"Adventure,Comedy,Reality-TV","Top Gear"
"tt0797746","tt1628033",8,1,8.2,185,"Clarkson Drives the Koenigsegg CCX","2006",NA,60,"Adventure,Comedy,Reality-TV","Top Gear"
"tt0801110","tt1628033",8,2,8,164,"Hammond Races a Jet-Powered Kayak","2006",NA,60,"Adventure,Comedy,Reality-TV","Top Gear"
"tt0802899","tt1628033",8,3,8.6,209,"Amphibious Car Challenge","2006",NA,60,"Adventure,Comedy,Reality-TV","Top Gear"
"tt0804889","tt1628033",8,4,8,176,"Porsche Cayenne Turbo S vs. Parachute Team","2006",NA,59,"Adventure,Comedy,Reality-TV","Top Gear"
"tt0809897","tt1628033",8,5,7.9,163,"Playing Car-Soccer in Toyota Aygos - Round 2","2006",NA,59,"Adventure,Comedy,Reality-TV","Top Gear"
"tt0825186","tt1628033",8,6,8.2,178,"Top Gear Sets a World Record with an F1 Car","2006",NA,61,"Adventure,Comedy,Reality-TV","Top Gear"
"tt0827975","tt1628033",8,7,7.9,158,"The Boys Build a Caterham","2006",NA,60,"Adventure,Comedy,Reality-TV","Top Gear"
"tt0829974","tt1628033",8,8,8.1,177,"Being Van Roadies for The Who","2006",NA,60,"Adventure,Comedy,Reality-TV","Top Gear"
"tt0946791","tt1628033",9,1,8.5,200,"Captain Slow Meets the Bugatti Veyron","2007",NA,52,"Adventure,Comedy,Reality-TV","Top Gear"
"tt0952430","tt1628033",9,2,7.9,171,"Reliant Robin Space Shuttle Challenge","2007",NA,60,"Adventure,Comedy,Reality-TV","Top Gear"
"tt0960668","tt1628033",9,3,8.9,362,"U. S. Special","2007",NA,51,"Adventure,Comedy,Reality-TV","Top Gear"
"tt0962493","tt1628033",9,4,8.1,185,"The Everyday Stretch Limo Challenge","2007",NA,58,"Adventure,Comedy,Reality-TV","Top Gear"
"tt0966524","tt1628033",9,5,8.2,183,"Episode #9.5","2007",NA,61,"Adventure,Comedy,Reality-TV","Top Gear"
"tt0973671","tt1628033",9,6,8.4,225,"Stretch Limos from ordinary cars.","2007",NA,61,"Adventure,Comedy,Reality-TV","Top Gear"
"tt0996660","tt1628033",9,7,7.8,203,"Top Gear of the Pops","2007",NA,NA,"Adventure,Comedy,Reality-TV","Top Gear"
"tt10008916","tt5712554",3,13,9.7,2577,"The Mongolia Special-Survival of the Fattest","2019",NA,92,"Comedy,Talk-Show","The Grand Tour"
"tt10008922","tt5712554",3,14,9.4,1320,"Funeral for a Ford","2019",NA,55,"Comedy,Talk-Show","The Grand Tour"
"tt10503840","tt1628033",27,2,5.4,317,"Episode #27.2","2019",NA,62,"Adventure,Comedy,Reality-TV","Top Gear"
"tt10503846","tt1628033",27,3,4.5,281,"Episode #27.3","2019",NA,59,"Adventure,Comedy,Reality-TV","Top Gear"
"tt10503856","tt1628033",27,4,4.8,205,"Episode #27.4","2019",NA,NA,"Adventure,Comedy,Reality-TV","Top Gear"
"tt10503860","tt1628033",27,5,6,174,"Episode #27.5","2019",NA,NA,"Adventure,Comedy,Reality-TV","Top Gear"
"tt1070690","tt1628033",9,8,9,684,"Polar Special","2007",NA,52,"Adventure,Comedy,Reality-TV","Top Gear"
"tt1114654","tt1628033",10,1,8.3,191,"The Search for the Greatest Driving Road in the World","2007",NA,51,"Adventure,Comedy,Reality-TV","Top Gear"
"tt1122514","tt1628033",10,2,8.7,240,"Amphibious Car Challenge II","2007",NA,50,"Adventure,Comedy,Reality-TV","Top Gear"
"tt1133267","tt1628033",10,3,8.5,192,"Bugatti Veyron vs. Typhoon Jet Fighter","2007",NA,50,"Adventure,Comedy,Reality-TV","Top Gear"
"tt1136573","tt1628033",10,4,9.1,476,"Botswana Special","2007",NA,52,"Adventure,Comedy,Reality-TV","Top Gear"
"tt1140803","tt1628033",10,5,8.4,192,"London Race","2007",NA,51,"Adventure,Comedy,Reality-TV","Top Gear"
"tt1143771","tt1628033",10,6,7.9,167,"MotorHome Racing - Alfa Romeo 159 vs Tall Man Across The Humber Estuary","2007",NA,50,"Adventure,Comedy,Reality-TV","Top Gear"
"tt1147384","tt1628033",10,7,8.5,195,"£1,200 British Leyland Cheap-Car Challenge","2007",NA,50,"Adventure,Comedy,Reality-TV","Top Gear"
"tt1150889","tt1628033",10,8,8.1,172,"Renault R25 Formula One Car - Automobile History Investigation - GPS Satellite Self-Controlled BMW 330i","2007",NA,50,"Adventure,Comedy,Reality-TV","Top Gear"
"tt11517882","tt1628033",28,0,6.7,175,"Nepal Special","2019",NA,72,"Adventure,Comedy,Reality-TV","Top Gear"
"tt1153481","tt1628033",10,9,8.8,203,"Britcar 24 Hour Endurance Race - Fiat 500 vs. BMX Riders Through Budapest Race","2007",NA,51,"Adventure,Comedy,Reality-TV","Top Gear"
"tt1160283","tt1628033",10,10,8.4,206,"German Performance Saloon Cars - Top Gear Awards 2007","2007",NA,50,"Adventure,Comedy,Reality-TV","Top Gear"
"tt11679296","tt1628033",28,1,6.3,129,"Episode #28.1","2020",NA,NA,"Adventure,Comedy,Reality-TV","Top Gear"
"tt11702224","tt1628033",28,2,6.5,109,"Episode #28.2","2020",NA,NA,"Adventure,Comedy,Reality-TV","Top Gear"
"tt11702232","tt1628033",28,3,6.9,112,"Episode #28.3","2020",NA,60,"Adventure,Comedy,Reality-TV","Top Gear"
"tt11711756","tt1628033",28,6,6.3,78,"Episode #28.6","2020",NA,62,"Adventure,Comedy,Reality-TV","Top Gear"
"tt11711764","tt1628033",28,5,6.4,75,"Episode #28.5","2020",NA,NA,"Adventure,Comedy,Reality-TV","Top Gear"
"tt11711778","tt1628033",28,4,6,87,"Episode #28.4","2020",NA,61,"Adventure,Comedy,Reality-TV","Top Gear"
"tt11780790","tt1628033",29,1,NA,NA,"Episode #29.1","2020",NA,NA,"Adventure,Comedy,Reality-TV","Top Gear"
"tt1221329","tt1628033",10,11,8.4,217,"Top Ground Gear Force","2008",NA,NA,"Adventure,Comedy,Reality-TV","Top Gear"
"tt1248080","tt1628033",11,1,8.4,201,"Police Car Challenge","2008",NA,60,"Adventure,Comedy,Reality-TV","Top Gear"
"tt1253297","tt1628033",11,2,7.9,173,"Audi RS6 vs French Skiers Race - TG Stuntman: MG Maestro Cork-Screw Jump","2008",NA,60,"Adventure,Comedy,Reality-TV","Top Gear"
"tt1258608","tt1628033",11,3,8.3,181,"Cheap Car Challenge: Alfa Romeos for £1,000","2008",NA,60,"Adventure,Comedy,Reality-TV","Top Gear"
"tt1261728","tt1628033",11,4,8.5,214,"Nissan GT-R vs Japanese Bullet Train Epic Race","2008",NA,60,"Adventure,Comedy,Reality-TV","Top Gear"
"tt1264801","tt1628033",11,5,8.1,177,"Classic Luxury Limousines - Daihatsu Terios Fox Hunting Challenge","2008",NA,60,"Adventure,Comedy,Reality-TV","Top Gear"
"tt1267804","tt1628033",11,6,8.5,197,"The British (Top Gear) vs. The Germans (D Motor) Showdown","2008",NA,60,"Adventure,Comedy,Reality-TV","Top Gear"
"tt12769332","tt5712554",5,1,NA,NA,"The Grand Tour Presents: La Réunion",NA,NA,90,"Comedy,Talk-Show","The Grand Tour"
"tt1317981","tt1628033",12,1,8.5,202,"£5,000 Lorry Challenge","2008",NA,60,"Adventure,Comedy,Reality-TV","Top Gear"
"tt1321094","tt1628033",12,2,8.4,205,"Muscle Car Challenge","2008",NA,60,"Adventure,Comedy,Reality-TV","Top Gear"
"tt1326690","tt1628033",12,3,8.2,179,"Tuning Challenge - Finnish Folk Racing - Corvette V-8 Engine Blender-Made Smoothie","2008",NA,60,"Adventure,Comedy,Reality-TV","Top Gear"
"tt1331963","tt1628033",12,4,8.6,203,"Economy Race From Basel To Blackpool Illuminations","2008",NA,60,"Adventure,Comedy,Reality-TV","Top Gear"
"tt1331964","tt1628033",12,5,8,175,"Portofino To Saint-Tropez Race - Powerboat Vs. Ferrari Daytona - Best Bus For British City Streets","2008",NA,60,"Adventure,Comedy,Reality-TV","Top Gear"
"tt1341101","tt1628033",12,6,8.5,184,"Did The Communists Make A Good Car? - Ford Fiesta With The Royal Marines","2008",NA,60,"Adventure,Comedy,Reality-TV","Top Gear"
"tt1341102","tt1628033",12,7,8.1,172,"50 Years Of British Touring Car Racing - TG Stuntman Takes On Fifth Gear's Caravan Jump Record - Top Gear Awards 2008","2008",NA,60,"Adventure,Comedy,Reality-TV","Top Gear"
"tt1345357","tt1628033",12,8,9.5,706,"Vietnam Special","2008",NA,74,"Adventure,Comedy,Reality-TV","Top Gear"
"tt1461645","tt1628033",13,1,9,263,"Race To The North - Ferrari FXX Lap Time - The Stig Revealed","2009",NA,60,"Adventure,Comedy,Reality-TV","Top Gear"
"tt1463758","tt1628033",13,2,8.7,224,"Perfect £2,500 Car For 17 Year Olds","2009",NA,60,"Adventure,Comedy,Reality-TV","Top Gear"
"tt1467872","tt1628033",13,3,8.4,199,"Cheap And Cheerful Car I - Cheap And Cheerful Car II - Gymkhana Rallying On The Airfield","2009",NA,60,"Adventure,Comedy,Reality-TV","Top Gear"
"tt1476227","tt1628033",13,4,8.1,185,"Porsche Panamera Vs. The Royal Mail Service Race - Playing British Bulldogs With Live Fire Against The British Army In A Mitsubishi Lancer Evolution VII","2009",NA,60,"Adventure,Comedy,Reality-TV","Top Gear"
"tt1476228","tt1628033",13,5,8.6,197,"Proof Of Three £1,500 Rear Wheel Drive Coupés Better Than Front Wheel Drive - Clarkson's Inspired Greenhouse Trailer Design To Save The World","2009",NA,60,"Adventure,Comedy,Reality-TV","Top Gear"
"tt1481297","tt1628033",13,6,8.5,201,"Pre-1982 £3,000 Classic Cars For A TSD Rally In Mallorca","2009",NA,60,"Adventure,Comedy,Reality-TV","Top Gear"
"tt1484866","tt1628033",13,7,8.6,198,"Producing Volkswagen Scirocco Adverts","2009",NA,60,"Adventure,Comedy,Reality-TV","Top Gear"
"tt1547870","tt1628033",14,1,8.5,262,"Romanian GT Road Trip To Find The Transfagarasan Highway","2009",NA,61,"Adventure,Comedy,Reality-TV","Top Gear"
"tt1548221","tt1628033",14,2,8.4,220,"Build An Electric Car Better Than A G-Wiz","2009",NA,61,"Adventure,Comedy,Reality-TV","Top Gear"
"tt1558724","tt1628033",14,3,8.2,203,"Fly An Airship Caravan With A Lamborghini Gallardo LP550-2 Valentino Balboni - Why Lancia Has Made The Greatest Number Of Great Cars","2009",NA,62,"Adventure,Comedy,Reality-TV","Top Gear"
"tt1562208","tt1628033",14,4,8.2,201,"Airport Vehicle Motorsport","2009",NA,59,"Adventure,Comedy,Reality-TV","Top Gear"
"tt1570072","tt1628033",14,5,8,196,"Make An Automotive Art Gallery To Prove Cars Are More Popular Than Traditional Art","2009",NA,59,"Adventure,Comedy,Reality-TV","Top Gear"
"tt1571929","tt1628033",14,6,9.4,611,"Bolivia Special","2009",NA,76,"Adventure,Comedy,Reality-TV","Top Gear"
"tt1578230","tt1628033",14,7,8.3,191,"Low-Budget Worldwide Review Of The BMW X6 - James May And Margaret Calvert Reflect On The Evolution Of UK Road Signs - Top Gear Awards 2009","2010",NA,60,"Adventure,Comedy,Reality-TV","Top Gear"
"tt1671396","tt1628033",15,1,8.6,255,"Toyota Hilux Invincible Up An Icelandic Volcano - Farewell To The Former Reasonably Priced Car, The Chevrolet Lacetti - Why Reliant Went Out Of Business - 1994 Reliant Robin","2010",NA,62,"Adventure,Comedy,Reality-TV","Top Gear"
"tt1683838","tt1628033",15,2,8.2,216,"Find A £5,000 Everyday Second-Hand Sports Saloon For Track Days","2010",NA,61,"Adventure,Comedy,Reality-TV","Top Gear"
"tt1687193","tt1628033",15,3,8.2,211,"Find The Greatest Four-Door Supercar By Driving Wedding Guests","2010",NA,62,"Adventure,Comedy,Reality-TV","Top Gear"
"tt1691304","tt1628033",15,4,9.1,310,"Building Motor Homes","2010",NA,60,"Adventure,Comedy,Reality-TV","Top Gear"
"tt1695114","tt1628033",15,5,9,296,"Volkswagen Touareg Vs Swedish Snowmobilers - Reach 258mph (415 km/h) In The Bugatti Veyron Super Sport - Commemorating Racing Driver Ayrton Senna, Lewis Hamilton Drives Senna's 1988 F1 Racing Car","2010",NA,45,"Adventure,Comedy,Reality-TV","Top Gear"
"tt1695115","tt1628033",15,6,8.5,230,"Old British Roadsters For £5,000","2010",NA,59,"Adventure,Comedy,Reality-TV","Top Gear"
"tt1719458","tt1628033",15,7,8.4,140,"The Best Of Top Gear: 2010 No.1","2010",NA,60,"Adventure,Comedy,Reality-TV","Top Gear"
"tt1719459","tt1628033",15,8,8.3,132,"The Best Of Top Gear: 2010 No.2","2010",NA,NA,"Adventure,Comedy,Reality-TV","Top Gear"
"tt1802726","tt1628033",15,9,8.5,213,"East Coast Road Trip","2010",NA,66,"Adventure,Comedy,Reality-TV","Top Gear"
"tt1802727","tt1628033",16,0,9,576,"Middle East Special","2010",NA,76,"Adventure,Comedy,Reality-TV","Top Gear"
"tt1822119","tt1628033",16,1,8.4,214,"Yeti Road Test","2011",NA,52,"Adventure,Comedy,Reality-TV","Top Gear"
"tt1830380","tt1628033",16,2,8.2,216,"Top Gear Ashes - British Hosts Vs Top Gear Australia Hosts","2011",NA,61,"Adventure,Comedy,Reality-TV","Top Gear"
"tt1835806","tt1628033",16,3,8.6,235,"Albania Road Trip","2011",NA,62,"Adventure,Comedy,Reality-TV","Top Gear"
"tt1843033","tt1628033",16,4,8.1,194,"Second-Hand Four Seater Convertibles For £2,000","2011",NA,61,"Adventure,Comedy,Reality-TV","Top Gear"
"tt1844599","tt1628033",16,5,8.4,225,"Convert A Combine Harvester Into A Snow Plough","2011",NA,51,"Adventure,Comedy,Reality-TV","Top Gear"
"tt1851760","tt1628033",16,6,8.2,206,"Episode #16.6","2011",NA,63,"Adventure,Comedy,Reality-TV","Top Gear"
"tt1925377","tt1628033",16,7,8.1,125,"Episode #16.7","2011",NA,51,"Adventure,Comedy,Reality-TV","Top Gear"
"tt1925378","tt1628033",16,8,8.1,129,"Episode #16.8","2011",NA,NA,"Adventure,Comedy,Reality-TV","Top Gear"
"tt1978318","tt1628033",17,1,8.3,247,"Jaguar E-Type 50th Birthday - Mini John Cooper Works WRC And Amy Williams Race","2011",NA,61,"Adventure,Comedy,Reality-TV","Top Gear"
"tt1982564","tt1628033",17,2,8.4,244,"High Performance Hatchbacks In Lucca And Around The Monaco Grand Prix Track","2011",NA,63,"Adventure,Comedy,Reality-TV","Top Gear"
"tt1988487","tt1628033",17,3,8.4,220,"Second-Hand Bargains For The Price Of The Nissan Pixo - Examine Toughness Of The Range Rover Evoque In Las Vegas","2011",NA,61,"Adventure,Comedy,Reality-TV","Top Gear"
"tt1995201","tt1628033",17,4,8.8,273,"Making A Train Out Of A Specially Modified Car And Caravans As Carriages","2011",NA,61,"Adventure,Comedy,Reality-TV","Top Gear"
"tt2002481","tt1628033",17,5,8.1,218,"Demolish A House With Second-Hand Military Equipment Vs Demolition Experts","2011",NA,59,"Adventure,Comedy,Reality-TV","Top Gear"
"tt2008392","tt1628033",17,6,7.9,199,"Extraordinary Rally Team Of Amputee Military Veterans - Electric Cars To The British Seaside","2011",NA,60,"Adventure,Comedy,Reality-TV","Top Gear"
"tt2106164","tt1628033",NA,NA,5.2,43,"Best of: '10-'11: Part 4","2011",NA,NA,"Adventure,Comedy,Reality-TV","Top Gear"
"tt2106165","tt1628033",NA,NA,5.2,45,"Best of: '10-'11: Part 1","2011",NA,NA,"Adventure,Comedy,Reality-TV","Top Gear"
"tt2106166","tt1628033",NA,NA,5.3,44,"Best of: '10-'11: Part 2","2011",NA,NA,"Adventure,Comedy,Reality-TV","Top Gear"
"tt2106167","tt1628033",NA,NA,5.3,43,"Best of: '10-'11: Part 3","2011",NA,NA,"Adventure,Comedy,Reality-TV","Top Gear"
"tt2122943","tt1628033",NA,NA,5.4,49,"Best of: '05-'06: Part 1","2011",NA,NA,"Adventure,Comedy,Reality-TV","Top Gear"
"tt2122944","tt1628033",NA,NA,5,46,"Best of: '05-'06: Part 2","2011",NA,NA,"Adventure,Comedy,Reality-TV","Top Gear"
"tt2122945","tt1628033",NA,NA,5.4,48,"Top 40: Part 1","2011",NA,44,"Adventure,Comedy,Reality-TV","Top Gear"
"tt2122946","tt1628033",NA,NA,5.4,43,"Top 40: Part 2","2011",NA,44,"Adventure,Comedy,Reality-TV","Top Gear"
"tt2122947","tt1628033",NA,NA,5.2,43,"Top 40: Part 3","2011",NA,44,"Adventure,Comedy,Reality-TV","Top Gear"
"tt2122948","tt1628033",NA,NA,5.2,42,"Top 40: Part 4","2011",NA,44,"Adventure,Comedy,Reality-TV","Top Gear"
"tt2126159","tt1628033",NA,NA,5.3,45,"Top 40: Part 5","2011",NA,44,"Adventure,Comedy,Reality-TV","Top Gear"
"tt2126160","tt1628033",NA,NA,5.2,45,"Top 40: Part 6","2011",NA,44,"Adventure,Comedy,Reality-TV","Top Gear"
"tt2136517","tt1628033",NA,NA,5,44,"Best of: '05-'06: Part 3","2011",NA,NA,"Adventure,Comedy,Reality-TV","Top Gear"
"tt2139353","tt1628033",NA,NA,5.2,43,"Top 40: Part 7","2011",NA,66,"Adventure,Comedy,Reality-TV","Top Gear"
"tt2139355","tt1628033",NA,NA,5.3,44,"Top 40: Part 8","2011",NA,66,"Adventure,Comedy,Reality-TV","Top Gear"
"tt2153721","tt1628033",18,0,8.3,572,"India Special","2011",NA,88,"Adventure,Comedy,Reality-TV","Top Gear"
"tt2197521","tt1628033",18,1,8.4,323,"Super Cars Across Italy","2012",NA,62,"Adventure,Comedy,Reality-TV","Top Gear"
"tt2223857","tt1628033",18,2,8.2,251,"Hammond Learns About NASCAR Racing In Texas - Clarkson And May Examine China's Car Industry In Beijing","2012",NA,62,"Adventure,Comedy,Reality-TV","Top Gear"
"tt2240389","tt1628033",18,3,8.1,258,"Creating The Climactic Car Chase For 'The Sweeney'","2012",NA,61,"Adventure,Comedy,Reality-TV","Top Gear"
"tt2255519","tt1628033",18,4,8.2,233,"Build And Test Off-Road Mobility Scooters In The Countryside","2012",NA,63,"Adventure,Comedy,Reality-TV","Top Gear"
"tt2271029","tt1628033",18,5,7.8,226,"Tribute To Swedish Car Maker Saab - Rally-Spec Skoda Vs Jet-Powered Flying Man","2012",NA,60,"Adventure,Comedy,Reality-TV","Top Gear"
"tt2287267","tt1628033",18,6,8,228,"Test Of Three Stripped Track Cars","2012",NA,62,"Adventure,Comedy,Reality-TV","Top Gear"
"tt2300515","tt1628033",18,7,8.5,247,"Motor Racing Cheaper Than Playing Golf? - May's Childhood Dream Car: The Ferrari 250 GT California.","2012",NA,62,"Adventure,Comedy,Reality-TV","Top Gear"
"tt2341743","tt1628033",NA,NA,5.9,54,"Best of: '11-'12: Part 3","2012",NA,NA,"Adventure,Comedy,Reality-TV","Top Gear"
"tt2486902","tt1628033",NA,NA,8.1,317,"50 Years of Bond Cars","2012",NA,60,"Adventure,Comedy,Reality-TV","Top Gear"
"tt2487014","tt1628033",NA,NA,5.7,58,"Top Fails: Volume 1","2012",NA,NA,"Adventure,Comedy,Reality-TV","Top Gear"
"tt2487016","tt1628033",NA,NA,5.4,59,"Top Fails: Volume 2","2012",NA,NA,"Adventure,Comedy,Reality-TV","Top Gear"
"tt2554176","tt1628033",NA,NA,5.3,47,"Best of: '11-'12: Part 1","2012",NA,NA,"Adventure,Comedy,Reality-TV","Top Gear"
"tt2569142","tt1628033",NA,NA,5.2,44,"Best of: '11-'12: Part 2","2012",NA,NA,"Adventure,Comedy,Reality-TV","Top Gear"
"tt2580724","tt1628033",NA,NA,5.5,47,"Best of: '11-'12: Part 4","2012",NA,NA,"Adventure,Comedy,Reality-TV","Top Gear"
"tt2658640","tt1628033",19,1,8.5,327,"Taking The Bentley Continental GT Speed To A Welsh Rally Stage - Building A Car Smaller Than A Peel P50: Clarkson's P45","2013",NA,62,"Adventure,Comedy,Reality-TV","Top Gear"
"tt2673814","tt1628033",19,2,8.6,302,"Super Car Road Trip From Las Vegas, Nevada To Calexico, California","2013",NA,62,"Adventure,Comedy,Reality-TV","Top Gear"
"tt2700584","tt1628033",19,3,8.3,285,"Shelby Mustang GT500 Vs The Pan-European Rail Network Epic Race From Wembley To The San Siro Stadium In Milan","2013",NA,61,"Adventure,Comedy,Reality-TV","Top Gear"
"tt2715432","tt1628033",19,4,8.1,276,"Rugby Match With Kia Cee'ds At Twickenham","2013",NA,62,"Adventure,Comedy,Reality-TV","Top Gear"
"tt2741132","tt1628033",19,5,8.4,262,"Range Rover Vs An Autonomous Military Machine - Designing A Vehicle For The Elderly: Rover James","2013",NA,62,"Adventure,Comedy,Reality-TV","Top Gear"
"tt2741136","tt1628033",19,6,9.2,646,"Africa Special, Part 1","2013",NA,59,"Adventure,Comedy,Reality-TV","Top Gear"
"tt2741140","tt1628033",19,7,9.2,570,"Africa Special, Part 2","2013",NA,58,"Adventure,Comedy,Reality-TV","Top Gear"
"tt2780442","tt1628033",19,8,7,106,"Best of Top Gear 1","2013",NA,NA,"Adventure,Comedy,Reality-TV","Top Gear"
"tt2806582","tt1628033",19,9,6.4,97,"Best of Top Gear 2","2013",NA,NA,"Adventure,Comedy,Reality-TV","Top Gear"
"tt3004026","tt1628033",20,1,8.3,328,"AC45 Racing Yacht Vs Toyota Auris - Introduction Of The New Reasonably Priced Car: Vauxhall Astra","2013",NA,63,"Adventure,Comedy,Reality-TV","Top Gear"
"tt3036276","tt1628033",20,2,8.3,270,"Search For The World's Best Taxi - Tribute To BBC Television Centre","2013",NA,62,"Adventure,Comedy,Reality-TV","Top Gear"
"tt3045672","tt1628033",20,3,8.7,311,"Spanish Road Trip In Budget Convertibles","2013",NA,63,"Adventure,Comedy,Reality-TV","Top Gear"
"tt3069944","tt1628033",20,4,8.6,285,"Building The Ford Transit Hovervan","2013",NA,60,"Adventure,Comedy,Reality-TV","Top Gear"
"tt3087458","tt1628033",20,5,8.7,277,"Best Crossovers For Caravanners","2013",NA,61,"Adventure,Comedy,Reality-TV","Top Gear"
"tt3100324","tt1628033",20,6,8.3,301,"Tribute To British Automobile Manufacturing","2013",NA,62,"Adventure,Comedy,Reality-TV","Top Gear"
"tt3277486","tt1628033",NA,NA,6.2,69,"Top 41: Part 1","2013",NA,59,"Adventure,Comedy,Reality-TV","Top Gear"
"tt3315170","tt1628033",NA,NA,5.3,41,"Top 41: Part 2","2013",NA,NA,"Adventure,Comedy,Reality-TV","Top Gear"
"tt3315214","tt1628033",NA,NA,5.2,38,"Top 41: Part 3","2013",NA,NA,"Adventure,Comedy,Reality-TV","Top Gear"
"tt3315462","tt1628033",NA,NA,5,38,"Top 41: Part 4","2013",NA,NA,"Adventure,Comedy,Reality-TV","Top Gear"
"tt3336584","tt1628033",NA,NA,5.2,38,"Top 41: Part 5","2013",NA,NA,"Adventure,Comedy,Reality-TV","Top Gear"
"tt3377428","tt1628033",NA,NA,5.3,41,"Top 41: Part 6","2013",NA,NA,"Adventure,Comedy,Reality-TV","Top Gear"
"tt3382522","tt1628033",NA,NA,5.2,40,"Top 41: Part 7","2013",NA,NA,"Adventure,Comedy,Reality-TV","Top Gear"
"tt3402178","tt1628033",21,1,8,419,"Jeremy, James And Richard Prove That The Hot Hatchbacks Of Their Youth Were Better Than The Modern Equivalents","2014",NA,65,"Adventure,Comedy,Reality-TV","Top Gear"
"tt3418502","tt1628033",NA,NA,5.5,44,"Top 41: Part 8","2013",NA,NA,"Adventure,Comedy,Reality-TV","Top Gear"
"tt3426024","tt1628033",NA,NA,5.5,42,"Top 41: Part 9","2013",NA,NA,"Adventure,Comedy,Reality-TV","Top Gear"
"tt3511134","tt1628033",21,2,8.4,359,"Alfa Romeo 4C Vs Gibbs Quadski - James Visits Camp Bastion In Afghanistan","2014",NA,62,"Adventure,Comedy,Reality-TV","Top Gear"
"tt3544002","tt1628033",21,3,8.4,340,"Trip Through Ukraine In Compact Hatchbacks","2014",NA,66,"Adventure,Comedy,Reality-TV","Top Gear"
"tt3558310","tt1628033",21,4,8.3,282,"Clarkson Attempts To Prove That Cars Are Better Than Motorbikes","2014",NA,62,"Adventure,Comedy,Reality-TV","Top Gear"
"tt3572352","tt1628033",21,5,8.6,317,"Making A Commercial For Reducing Cycle-Related Accidents","2014",NA,63,"Adventure,Comedy,Reality-TV","Top Gear"
"tt3576666","tt1628033",21,6,9.1,672,"Burma Special: Part 1","2014",NA,63,"Adventure,Comedy,Reality-TV","Top Gear"
"tt3591592","tt1628033",21,7,9.3,677,"Burma Special: Part 2","2014",NA,62,"Adventure,Comedy,Reality-TV","Top Gear"
"tt3648298","tt1628033",NA,NA,6,54,"Best of '13-'14: Part 1","2014",NA,NA,"Adventure,Comedy,Reality-TV","Top Gear"
"tt3648300","tt1628033",NA,NA,5.6,46,"Best of '13-'14: Part 2","2014",NA,NA,"Adventure,Comedy,Reality-TV","Top Gear"
"tt3683176","tt1628033",NA,NA,5.3,42,"Best of: '13-'14: Part 3","2014",NA,NA,"Adventure,Comedy,Reality-TV","Top Gear"
"tt3905690","tt1628033",NA,NA,5.2,41,"Best of Australia: Part 1","2014",NA,NA,"Adventure,Comedy,Reality-TV","Top Gear"
"tt3951754","tt1628033",NA,NA,5.2,41,"Best of Australia: Part 2","2014",NA,207,"Adventure,Comedy,Reality-TV","Top Gear"
"tt3953752","tt1628033",NA,NA,5.2,40,"Best of Australia: Part 3","2014",NA,NA,"Adventure,Comedy,Reality-TV","Top Gear"
"tt4264202","tt1628033",NA,NA,8.4,550,"Patagonia Special: Part 1","2014",NA,62,"Adventure,Comedy,Reality-TV","Top Gear"
"tt4264210","tt1628033",NA,NA,8.6,533,"Patagonia Special: Part 2","2014",NA,63,"Adventure,Comedy,Reality-TV","Top Gear"
"tt4273982","tt1628033",NA,NA,5.5,44,"Best of British: Part 1","2014",NA,NA,"Adventure,Comedy,Reality-TV","Top Gear"
"tt4295318","tt1628033",NA,NA,5,42,"Best of British: Part 2","2014",NA,NA,"Adventure,Comedy,Reality-TV","Top Gear"
"tt4303726","tt1628033",NA,NA,5.1,39,"Best of British: Part 3","2014",NA,NA,"Adventure,Comedy,Reality-TV","Top Gear"
"tt4363608","tt1628033",22,1,8.8,479,"Race Across The Urban Landscape Of St Petersburg","2015",NA,62,"Adventure,Comedy,Reality-TV","Top Gear"
"tt4416896","tt1628033",22,2,8.6,389,"Australian Northern Territory Road Trip In GT Cars","2015",NA,52,"Adventure,Comedy,Reality-TV","Top Gear"
"tt4428348","tt1628033",22,3,8.8,461,"Homemade Ambulance Challenge","2015",NA,60,"Adventure,Comedy,Reality-TV","Top Gear"
"tt4438938","tt1628033",22,5,8.5,369,"May And Clarkson Look At The Weird And Wonderful History Of Peugeot","2015",NA,51,"Adventure,Comedy,Reality-TV","Top Gear"
"tt4438942","tt1628033",22,4,8.4,349,"Tribute To The Land Rover Defender","2015",NA,52,"Adventure,Comedy,Reality-TV","Top Gear"
"tt4439032","tt1628033",22,6,8.7,393,"Hammond Is Dropped Into British Columbia, Canada To Test A Watch With A Built-In Emergency Beacon","2015",NA,52,"Adventure,Comedy,Reality-TV","Top Gear"
"tt4490786","tt1628033",22,7,8.4,337,"May Competes In A World Rallycross Race Alongside Tanner Foust","2015",NA,52,"Adventure,Comedy,Reality-TV","Top Gear"
"tt4763228","tt1628033",22,8,9.4,857,"Episode #22.8","2015",NA,72,"Adventure,Comedy,Reality-TV","Top Gear"
"tt4995934","tt1628033",NA,NA,3.1,24,"Best of: '14-'15","2015",NA,NA,"Adventure,Comedy,Reality-TV","Top Gear"
"tt4995992","tt1628033",NA,NA,3.9,27,"Best of Jeremy","2015",NA,NA,"Adventure,Comedy,Reality-TV","Top Gear"
"tt4996046","tt1628033",NA,NA,3.1,26,"More Best of Jeremy","2015",NA,NA,"Adventure,Comedy,Reality-TV","Top Gear"
"tt4998586","tt1628033",NA,NA,3.6,26,"Best of James","2015",NA,NA,"Adventure,Comedy,Reality-TV","Top Gear"
"tt4998588","tt1628033",NA,NA,3.4,27,"More Best of James","2015",NA,NA,"Adventure,Comedy,Reality-TV","Top Gear"
"tt5070258","tt1628033",NA,NA,4.1,27,"Best of Richard","2015",NA,NA,"Adventure,Comedy,Reality-TV","Top Gear"
"tt5070274","tt1628033",NA,NA,3.4,25,"More Best of Richard","2015",NA,NA,"Adventure,Comedy,Reality-TV","Top Gear"
"tt5153474","tt1628033",NA,NA,4.4,32,"Best of All: Jeremy, James and Richard","2015",NA,NA,"Adventure,Comedy,Reality-TV","Top Gear"
"tt5153576","tt1628033",NA,NA,3.5,25,"More Best of All: Jeremy, James and Richard","2015",NA,NA,"Adventure,Comedy,Reality-TV","Top Gear"
"tt5298528","tt1628033",NA,NA,6,62,"Top Gear: From A-Z - Part 2","2015",NA,58,"Adventure,Comedy,Reality-TV","Top Gear"
"tt5298590","tt1628033",NA,NA,6.3,68,"Top Gear: From A-Z - Part 1","2015",NA,60,"Adventure,Comedy,Reality-TV","Top Gear"
"tt5436364","tt1628033",23,1,2.1,3069,"Episode #23.1","2016",NA,63,"Adventure,Comedy,Reality-TV","Top Gear"
"tt5715192","tt5712554",1,1,9.1,4887,"The Holy Trinity","2016",NA,71,"Comedy,Talk-Show","The Grand Tour"
"tt5783396","tt1628033",23,2,2.3,1188,"Episode #23.2","2016",NA,59,"Adventure,Comedy,Reality-TV","Top Gear"
"tt5784372","tt1628033",23,3,2.5,1003,"Episode #23.3","2016",NA,58,"Adventure,Comedy,Reality-TV","Top Gear"
"tt5789682","tt1628033",23,4,2.3,831,"Episode #23.4","2016",NA,61,"Adventure,Comedy,Reality-TV","Top Gear"
"tt5820898","tt1628033",23,5,2.2,701,"Episode #23.5","2016",NA,62,"Adventure,Comedy,Reality-TV","Top Gear"
"tt5820906","tt1628033",23,6,2.1,688,"Episode #23.6","2016",NA,61,"Adventure,Comedy,Reality-TV","Top Gear"
"tt5907214","tt1628033",NA,NA,5.5,42,"The Great African Adventure","2013",NA,115,"Adventure,Comedy,Reality-TV","Top Gear"
"tt6068824","tt5712554",1,2,6.9,4200,"Operation Desert Stumble","2016",NA,57,"Comedy,Talk-Show","The Grand Tour"
"tt6068828","tt5712554",1,3,8.3,2687,"Opera, Arts and Donuts","2016",NA,62,"Comedy,Talk-Show","The Grand Tour"
"tt6068832","tt5712554",1,4,8.2,2367,"Enviro-mental","2016",NA,62,"Comedy,Talk-Show","The Grand Tour"
"tt6068834","tt5712554",1,5,8.2,1933,"Morroccan Roll","2016",NA,61,"Comedy,Talk-Show","The Grand Tour"
"tt6068836","tt5712554",1,6,8.6,1876,"Happy Finnish Christmas","2016",NA,61,"Comedy,Talk-Show","The Grand Tour"
"tt6068840","tt5712554",1,7,8.8,1966,"The Beach (Buggy) Boys - Part 1","2016",NA,44,"Comedy,Talk-Show","The Grand Tour"
"tt6068844","tt5712554",1,8,8.7,1785,"The Beach (Buggy) Boys - Part 2","2016",NA,58,"Comedy,Talk-Show","The Grand Tour"
"tt6068846","tt5712554",1,9,8.1,1517,"Berks to the Future","2017",NA,62,"Comedy,Talk-Show","The Grand Tour"
"tt6068850","tt5712554",1,10,7.8,1374,"Dumb Fight at the O.K. Coral","2017",NA,61,"Comedy,Talk-Show","The Grand Tour"
"tt6068852","tt5712554",1,11,8.1,1194,"Italian Lessons","2017",NA,60,"Comedy,Talk-Show","The Grand Tour"
"tt6068854","tt5712554",1,12,8.6,1223,"[censored] to [censored]","2017",NA,62,"Comedy,Talk-Show","The Grand Tour"
"tt6068862","tt5712554",2,1,8.7,1691,"Past, Present or Future","2017",NA,70,"Comedy,Talk-Show","The Grand Tour"
"tt6068864","tt5712554",2,2,8.5,1249,"The Fall Guys","2017",NA,70,"Comedy,Talk-Show","The Grand Tour"
"tt6068866","tt5712554",2,3,8,1110,"Bah humbug-atti","2017",NA,61,"Comedy,Talk-Show","The Grand Tour"
"tt6068870","tt5712554",2,4,7.6,1216,"Unscripted","2017",NA,63,"Comedy,Talk-Show","The Grand Tour"
"tt6068874","tt5712554",2,5,8,1031,"Up, Down and Round the Farm","2018",NA,58,"Comedy,Talk-Show","The Grand Tour"
"tt6068876","tt5712554",2,6,8.7,1140,"Jaaaaaaaags","2018",NA,63,"Comedy,Talk-Show","The Grand Tour"
"tt6068878","tt5712554",2,7,8.8,1171,"It's a gas, gas, gas","2018",NA,64,"Comedy,Talk-Show","The Grand Tour"
"tt6068880","tt5712554",2,9,8.6,891,"Breaking, Badly","2018",NA,64,"Comedy,Talk-Show","The Grand Tour"
"tt6068882","tt5712554",2,8,8.7,948,"Blasts from the Past","2018",NA,67,"Comedy,Talk-Show","The Grand Tour"
"tt6068884","tt5712554",2,10,8.6,896,"Oh, Canada","2018",NA,67,"Comedy,Talk-Show","The Grand Tour"
"tt6068890","tt5712554",2,11,7.4,1388,"Feed the World","2018",NA,55,"Comedy,Talk-Show","The Grand Tour"
"tt6068892","tt5712554",3,1,8.4,1392,"Motown Funk","2019",NA,69,"Comedy,Talk-Show","The Grand Tour"
"tt6068896","tt5712554",3,2,8.5,1410,"The Colombia Special Part 1","2019",NA,54,"Comedy,Talk-Show","The Grand Tour"
"tt6068898","tt5712554",3,3,8.8,1391,"The Colombia Special Part 2","2019",NA,66,"Comedy,Talk-Show","The Grand Tour"
"tt6068900","tt5712554",3,4,7.3,1086,"Pick Up, Put Downs","2019",NA,61,"Comedy,Talk-Show","The Grand Tour"
"tt6068902","tt5712554",3,6,8.2,928,"Chinese Food for Thought","2019",NA,71,"Comedy,Talk-Show","The Grand Tour"
"tt6068904","tt5712554",3,5,8.7,1134,"An Itchy Urus","2019",NA,58,"Comedy,Talk-Show","The Grand Tour"
"tt6068906","tt5712554",3,7,8.4,876,"Well Aged Scotch","2019",NA,66,"Comedy,Talk-Show","The Grand Tour"
"tt6068908","tt5712554",3,8,8.8,1103,"International Buffoons Vacation","2019",NA,81,"Comedy,Talk-Show","The Grand Tour"
"tt6068912","tt5712554",3,9,8.1,829,"Aston, Astronauts and Angelina's Children","2019",NA,62,"Comedy,Talk-Show","The Grand Tour"
"tt6068916","tt5712554",3,12,8.4,779,"Legends and Luggage","2019",NA,57,"Comedy,Talk-Show","The Grand Tour"
"tt6068918","tt5712554",3,10,8.1,758,"The Youth Vote","2019",NA,64,"Comedy,Talk-Show","The Grand Tour"
"tt6068920","tt5712554",3,11,9,1059,"Sea to Unsalty Sea","2019",NA,72,"Comedy,Talk-Show","The Grand Tour"
"tt6371376","tt5712554",1,13,8.7,1118,"Past v Future","2017",NA,61,"Comedy,Talk-Show","The Grand Tour"
"tt6586700","tt1628033",24,1,6.1,653,"Episode #24.1","2017",NA,60,"Adventure,Comedy,Reality-TV","Top Gear"
"tt6617876","tt1628033",24,2,5.8,422,"Episode #24.2","2017",NA,60,"Adventure,Comedy,Reality-TV","Top Gear"
"tt6617882","tt1628033",24,3,5.9,374,"Episode #24.3","2017",NA,61,"Adventure,Comedy,Reality-TV","Top Gear"
"tt6617894","tt1628033",24,4,6.1,344,"Episode #24.4","2017",NA,60,"Adventure,Comedy,Reality-TV","Top Gear"
"tt6617902","tt1628033",24,5,5.4,277,"Episode #24.5","2017",NA,60,"Adventure,Comedy,Reality-TV","Top Gear"
"tt6617912","tt1628033",24,6,4.7,236,"Episode #24.6","2017",NA,59,"Adventure,Comedy,Reality-TV","Top Gear"
"tt6617920","tt1628033",24,7,4.9,243,"Episode #24.7","2017",NA,59,"Adventure,Comedy,Reality-TV","Top Gear"
"tt8064578","tt1628033",25,1,5.9,328,"Episode #25.1","2018",NA,62,"Adventure,Comedy,Reality-TV","Top Gear"
"tt8105610","tt1628033",25,2,6,260,"Episode #25.2","2018",NA,61,"Adventure,Comedy,Reality-TV","Top Gear"
"tt8120038","tt1628033",25,3,6.7,294,"Episode #25.3","2018",NA,61,"Adventure,Comedy,Reality-TV","Top Gear"
"tt8146416","tt1628033",25,4,6.1,206,"Episode #25.4","2018",NA,60,"Adventure,Comedy,Reality-TV","Top Gear"
"tt8198436","tt1628033",25,5,5.4,160,"Episode #25.5","2018",NA,58,"Adventure,Comedy,Reality-TV","Top Gear"
"tt8200748","tt1628033",25,6,5.6,174,"Episode #25.6","2018",NA,61,"Adventure,Comedy,Reality-TV","Top Gear"
"tt8490542","tt1628033",NA,NA,2.3,10,"Classic Trips","2018",NA,NA,"Adventure,Comedy,Reality-TV","Top Gear"
"tt8490544","tt1628033",NA,NA,3,12,"Classic Builds","2018",NA,NA,"Adventure,Comedy,Reality-TV","Top Gear"
"tt8555722","tt1628033",NA,NA,2.4,9,"Classic Races","2018",NA,NA,"Adventure,Comedy,Reality-TV","Top Gear"
"tt8555730","tt1628033",NA,NA,2.4,9,"Classic Creations","2018",NA,NA,"Adventure,Comedy,Reality-TV","Top Gear"
"tt8587066","tt1628033",NA,NA,2.4,9,"Classic Aquatic Adventures","2018",NA,NA,"Adventure,Comedy,Reality-TV","Top Gear"
"tt8587068","tt1628033",NA,NA,1.6,9,"Classic Big Rigs","2018",NA,NA,"Adventure,Comedy,Reality-TV","Top Gear"
"tt8587072","tt1628033",NA,NA,2.3,9,"Classic Drives","2018",NA,NA,"Adventure,Comedy,Reality-TV","Top Gear"
"tt8899122","tt1628033",NA,NA,5,6,"Best of Season 23-25: Episode 1","2018",NA,NA,"Adventure,Comedy,Reality-TV","Top Gear"
"tt8899158","tt1628033",NA,NA,NA,NA,"Best of Season 23-25: Episode 2","2018",NA,NA,"Adventure,Comedy,Reality-TV","Top Gear"
"tt8899348","tt1628033",NA,NA,NA,NA,"Best of Season 23-25: Episode 3","2018",NA,NA,"Adventure,Comedy,Reality-TV","Top Gear"
"tt8899360","tt1628033",NA,NA,NA,NA,"Best of Season 23-25: Episode 4","2018",NA,NA,"Adventure,Comedy,Reality-TV","Top Gear"
"tt8899364","tt1628033",NA,NA,5.4,5,"Best of Season 23-25: Episode 5","2018",NA,NA,"Adventure,Comedy,Reality-TV","Top Gear"
"tt9169194","tt1628033",26,1,5.2,192,"Episode #26.1","2019",NA,59,"Adventure,Comedy,Reality-TV","Top Gear"
"tt9169196","tt1628033",27,1,5.8,457,"Episode #27.1","2019",NA,62,"Adventure,Comedy,Reality-TV","Top Gear"
"tt9491198","tt1628033",NA,NA,NA,NA,"Best of Season 8-9: Part 1","2006",NA,NA,"Adventure,Comedy,Reality-TV","Top Gear"
"tt9491204","tt1628033",NA,NA,NA,NA,"Best of Season 8-9: Part 2","2006",NA,NA,"Adventure,Comedy,Reality-TV","Top Gear"
"tt9491206","tt1628033",NA,NA,NA,NA,"Best of Season 8-9: Part 3","2007",NA,NA,"Adventure,Comedy,Reality-TV","Top Gear"
"tt9491210","tt1628033",NA,NA,NA,NA,"Best of Season 8-9: Part 5","2007",NA,NA,"Adventure,Comedy,Reality-TV","Top Gear"
"tt9491212","tt1628033",NA,NA,NA,NA,"Best of Season 8-9: Part 6","2007",NA,NA,"Adventure,Comedy,Reality-TV","Top Gear"
"tt9704376","tt5712554",4,1,8.7,2208,"The Grand Tour Presents: Seamen","2019",NA,91,"Comedy,Talk-Show","The Grand Tour"
"tt9752316","tt1628033",26,2,5,162,"Episode #26.2","2019",NA,61,"Adventure,Comedy,Reality-TV","Top Gear"
"tt9752332","tt1628033",26,3,5.4,129,"Episode #26.3","2019",NA,57,"Adventure,Comedy,Reality-TV","Top Gear"
"tt9752354","tt1628033",26,4,6.2,136,"Episode #26.4","2019",NA,57,"Adventure,Comedy,Reality-TV","Top Gear"
"tt9752366","tt1628033",26,5,5.5,114,"Episode #26.5","2019",NA,60,"Adventure,Comedy,Reality-TV","Top Gear"
